{
  "auroc_bootstrap_ci95": [
    0.797972387972388,
    0.9521664660016054
  ],
  "n_boot_valid": 2000
}